{
  "name": "Dynatrace",
  "id": "arielwesolowski-dynatrace-datasource",
  "type": "datasource",

  "partials": {
    "config": "public/app/plugins/datasource/simplejson/partials/config.html"
  },

  "metrics": true,
  "annotations": false,

  "info": {
    "description": "Dynatrace datasource",
    "author": {
      "name": "Piotr Popieluch",
      "url": "https://github.com/apoc1238/GrafanaDatasource_DynatraceAPIv2Metric"
    },
    "links": [
      {"name": "GitHub", "url": "https://github.com/apoc1238/"},
      {"name": "MIT License", "url": "https://github.com/apoc1238/GrafanaDatasource_DynatraceAPIv2Metric"}
    ],
    "version": "1.0.0",
    "updated": "2018-02-14"
  },
  "dependencies": {
    "grafanaVersion": ">=3 <=5",
    "plugins": [ ]
  }
}
